dataset	spec	ionization	formula	smiles	inchikey	instrument
sop	SOPID20200205790	[M+H]+	C27H24O18	O=C(OCC1OC(OC(=O)c2cc(O)c(O)c(O)c2)C(O)C(OC(=O)c2cc(O)c(O)c(O)c2)C1O)c1cc(O)c(O)c(O)c1	RNKMOGIPOMVCHO-SJMVAQJGSA-N	ThermoFisherScientific_IDX
sop	SOPID20200205656	[M+Na]+	C27H24O18	O=C(OCC1OC(OC(=O)c2cc(O)c(O)c(O)c2)C(O)C(OC(=O)c2cc(O)c(O)c(O)c2)C1O)c1cc(O)c(O)c(O)c1	RNKMOGIPOMVCHO-SJMVAQJGSA-N	ThermoFisherScientific_IDX
sop	SOPID20200100156	[M+H]+	C15H10O4	O=c1cc(-c2ccccc2)oc2cc(O)cc(O)c12	RTIXKCRFFJGDFG-UHFFFAOYSA-N	ThermoFisherScientific_IDX
sop	SOPID20200100052	[M+Na]+	C15H10O4	O=c1cc(-c2ccccc2)oc2cc(O)cc(O)c12	RTIXKCRFFJGDFG-UHFFFAOYSA-N	ThermoFisherScientific_IDX
sop	SOPID20200107426	[M+H]+	C21H20O9	O=c1c(-c2ccc(O)cc2)coc2cc(OC3OC(CO)C(O)C(O)C3O)ccc12	KYQZWONCHDNPDP-QNDFHXLGSA-N	ThermoFisherScientific_IDX
sop	SOPID20200107419	[M+Na]+	C21H20O9	O=c1c(-c2ccc(O)cc2)coc2cc(OC3OC(CO)C(O)C(O)C3O)ccc12	KYQZWONCHDNPDP-QNDFHXLGSA-N	ThermoFisherScientific_IDX
sop	SOPID20200107872	[M+H]+	C21H20O10	O=c1c(-c2ccc(O)cc2)coc2cc(OC3OC(CO)C(O)C(O)C3O)cc(O)c12	ZCOLJUOHXJRHDI-CMWLGVBASA-N	ThermoFisherScientific_IDX
sop	SOPID20200107845	[M+Na]+	C21H20O10	O=c1c(-c2ccc(O)cc2)coc2cc(OC3OC(CO)C(O)C(O)C3O)cc(O)c12	ZCOLJUOHXJRHDI-CMWLGVBASA-N	ThermoFisherScientific_IDX
sop	SOPID20200111155	[M+H]+	C21H20O12	O=c1c(OC2OC(CO)C(O)C(O)C2O)c(-c2ccc(O)c(O)c2)oc2cc(O)cc(O)c12	OVSQVDMCBVZWGM-DTGCRPNFSA-N	ThermoFisherScientific_IDX
sop	SOPID20200111149	[M+Na]+	C21H20O12	O=c1c(OC2OC(CO)C(O)C(O)C2O)c(-c2ccc(O)c(O)c2)oc2cc(O)cc(O)c12	OVSQVDMCBVZWGM-DTGCRPNFSA-N	ThermoFisherScientific_IDX
sop	SOPID20200103418	[M+H]+	C16H12O7	COc1cc(-c2oc3cc(O)cc(O)c3c(=O)c2O)ccc1O	IZQSVPBOUDKVDZ-UHFFFAOYSA-N	ThermoFisherScientific_IDX
sop	SOPID20200102001	[M+H]+	C15H10O6	O=c1cc(-c2ccc(O)c(O)c2)oc2cc(O)cc(O)c12	IQPNAANSBPBGFQ-UHFFFAOYSA-N	ThermoFisherScientific_IDX
sop	SOPID20200103613	[M+H]+	C15H10O8	O=c1c(O)c(-c2cc(O)c(O)c(O)c2)oc2cc(O)cc(O)c12	IKMDFBPHZNJCSN-UHFFFAOYSA-N	ThermoFisherScientific_IDX
sop	SOPID20200110817	[M+H]+	C21H20O12	CC1OC(Oc2c(-c3cc(O)c(O)c(O)c3)oc3cc(O)cc(O)c3c2=O)C(O)C(O)C1O	DCYOADKBABEMIQ-OWMUPTOHSA-N	ThermoFisherScientific_IDX
sop	SOPID20200110809	[M+Na]+	C21H20O12	CC1OC(Oc2c(-c3cc(O)c(O)c(O)c3)oc3cc(O)cc(O)c3c2=O)C(O)C(O)C1O	DCYOADKBABEMIQ-OWMUPTOHSA-N	ThermoFisherScientific_IDX
sop	SOPID20200103034	[M+H]+	C15H10O7	O=c1c(O)c(-c2ccc(O)c(O)c2)oc2cc(O)cc(O)c12	REFJWTPEDVJJIY-UHFFFAOYSA-N	ThermoFisherScientific_IDX
sop	SOPID20210104386	[M+H]+	C20H17NO6	CN1CCc2cc3c(cc2C1C1OC(=O)c2c1ccc1c2OCO1)OCO3	IYGYMKDQCDOMRE-ZWKOTPCHSA-N	ThermoFisherScientific_IDX
sop	SOPID20210104401	[M+Na]+	C20H17NO6	CN1CCc2cc3c(cc2C1C1OC(=O)c2c1ccc1c2OCO1)OCO3	IYGYMKDQCDOMRE-ZWKOTPCHSA-N	ThermoFisherScientific_IDX
sop	SOPID20210104326	[M+H]+	C15H24N2	[N:1]12[CH:2]([CH:3]3[CH2:4][CH:5]([CH:6]4[NH:7][CH2:8][CH2:9][CH2:10][C:11]4=[CH:12]3)[CH2:13]1)[CH2:14][CH2:15][CH2:16][CH2:17]2	SKOLRLSBMUGVOY-YJNKXOJESA-N	ThermoFisherScientific_IDX
sop	SOPID20200200294	[M+Na]+	C27H22O18	[O:1]1[CH:2]2[CH2:3][O:4][C:5](=[O:44])[c:6]3[c:7]([c:8]([OH:14])[c:9]([OH:13])[c:10]([OH:12])[cH:11]3)-[c:15]3[c:16]([cH:17][c:18]([OH:23])[c:19]([OH:22])[c:20]3[OH:21])[C:24](=[O:43])[O:25][CH:26]([CH:27]2[OH:45])[CH:28]([OH:42])[CH:29]1[O:30][C:31](=[O:32])[c:33]1[cH:34][c:35]([OH:41])[c:36]([OH:40])[c:37]([OH:39])[cH:38]1	TUSDEZXZIZRFGC-XIGLUPEJSA-N	ThermoFisherScientific_IDX
sop	SOPID20200102222	[M+H]+	C15H14O6	[O:1]1[CH:2]([c:14]2[cH:15][c:16]([OH:21])[c:17]([OH:20])[cH:18][cH:19]2)[CH:3]([OH:13])[CH2:4][c:5]2[c:6]1[cH:7][c:8]([OH:12])[cH:9][c:10]2[OH:11]	PFTAWBLQPZVEMU-DZGCQCFKSA-N	ThermoFisherScientific_IDX
sop	SOPID20200201538	[M+H]+	C23H28O7	[O:1]1[CH2:2][O:3][c:4]2[c:5]1[c:6]([O:29][CH3:30])[c:7]1[c:8]([cH:9]2)[CH2:10][CH:11]([CH3:28])[C:12]([OH:26])([CH3:27])[CH2:13][c:14]2[c:15]-1[c:16]([O:24][CH3:25])[c:17]([O:22][CH3:23])[c:18]([O:20][CH3:21])[cH:19]2	ZWRRJEICIPUPHZ-MYODQAERSA-N	ThermoFisherScientific_IDX
sop	SOPID20200201543	[M+Na]+	C23H28O7	[O:1]1[CH2:2][O:3][c:4]2[c:5]1[c:6]([O:29][CH3:30])[c:7]1[c:8]([cH:9]2)[CH2:10][CH:11]([CH3:28])[C:12]([OH:26])([CH3:27])[CH2:13][c:14]2[c:15]-1[c:16]([O:24][CH3:25])[c:17]([O:22][CH3:23])[c:18]([O:20][CH3:21])[cH:19]2	ZWRRJEICIPUPHZ-MYODQAERSA-N	ThermoFisherScientific_IDX
sop	SOPID20200203426	[M+Na]+	C30H32O9	[O:1]1[CH2:2][O:3][c:4]2[c:5]1[c:6]([O:38][CH3:39])[c:7]1[c:8]([cH:9]2)[CH2:10][CH:11]([CH3:37])[C:12]([OH:35])([CH3:36])[CH:13]([O:26][C:27](=[O:28])[c:29]2[cH:30][cH:31][cH:32][cH:33][cH:34]2)[c:14]2[c:15]-1[c:16]([O:24][CH3:25])[c:17]([O:22][CH3:23])[c:18]([O:20][CH3:21])[cH:19]2	UFCGDBKFOKKVAC-HYSLPFRTSA-N	ThermoFisherScientific_IDX
sop	SOPID20200113807	[M+H]+	C33H40O15	[O:1]1[CH:2]([O:12][c:13]2[c:14]([CH2:44][CH:45]=[C:46]([CH3:47])[CH3:48])[c:15]3[c:16]([c:17]([OH:19])[cH:18]2)[c:20](=[O:43])[c:21]([O:32][CH:33]2[O:34][CH:35]([CH3:42])[CH:36]([OH:41])[CH:37]([OH:40])[CH:38]2[OH:39])[c:22](-[c:24]2[cH:25][cH:26][c:27]([O:30][CH3:31])[cH:28][cH:29]2)[o:23]3)[CH:3]([OH:11])[CH:4]([OH:10])[CH:5]([OH:9])[CH:6]1[CH2:7][OH:8]	TZJALUIVHRYQQB-GHUWTYBDSA-N	ThermoFisherScientific_IDX
sop	SOPID20200113925	[M+Na]+	C33H40O15	[O:1]1[CH:2]([O:12][c:13]2[c:14]([CH2:44][CH:45]=[C:46]([CH3:47])[CH3:48])[c:15]3[c:16]([c:17]([OH:19])[cH:18]2)[c:20](=[O:43])[c:21]([O:32][CH:33]2[O:34][CH:35]([CH3:42])[CH:36]([OH:41])[CH:37]([OH:40])[CH:38]2[OH:39])[c:22](-[c:24]2[cH:25][cH:26][c:27]([O:30][CH3:31])[cH:28][cH:29]2)[o:23]3)[CH:3]([OH:11])[CH:4]([OH:10])[CH:5]([OH:9])[CH:6]1[CH2:7][OH:8]	TZJALUIVHRYQQB-GHUWTYBDSA-N	ThermoFisherScientific_IDX
sop	SOPID20200107029	[M+H]+	C21H20O9	[O:1]1[CH:2]([CH2:29][OH:30])[CH:3]([OH:28])[CH:4]([OH:27])[CH:5]([OH:26])[CH:6]1[c:7]1[c:8]2[c:9]([cH:10][cH:11][c:12]1[OH:13])[c:14](=[O:25])[c:15](-[c:18]1[cH:19][cH:20][c:21]([OH:24])[cH:22][cH:23]1)[cH:16][o:17]2	HKEAFJYKMMKDOR-VPRICQMDSA-N	ThermoFisherScientific_IDX
sop	SOPID20200107116	[M+Na]+	C21H20O9	[O:1]1[CH:2]([CH2:29][OH:30])[CH:3]([OH:28])[CH:4]([OH:27])[CH:5]([OH:26])[CH:6]1[c:7]1[c:8]2[c:9]([cH:10][cH:11][c:12]1[OH:13])[c:14](=[O:25])[c:15](-[c:18]1[cH:19][cH:20][c:21]([OH:24])[cH:22][cH:23]1)[cH:16][o:17]2	HKEAFJYKMMKDOR-VPRICQMDSA-N	ThermoFisherScientific_IDX
sop	SOPID20210104318	[M+H]+	C20H24N2O2	[N:1]12[CH:2]([CH:11]([OH:12])[c:13]3[c:14]4[c:15]([n:16][cH:17][cH:18]3)[cH:19][cH:20][c:21]([O:23][CH3:24])[cH:22]4)[CH2:3][CH:4]([CH:5]([CH:7]=[CH2:8])[CH2:6]1)[CH2:9][CH2:10]2	LOUPRKONTZGTKE-NIHZBZNOSA-N	ThermoFisherScientific_IDX
sop	SOPID20200110014	[M+H]+	C21H18O12	[O:1]1[CH:2]([O:13][c:14]2[c:15]([OH:33])[c:16]([OH:32])[c:17]3[c:18]([cH:19]2)[o:20][c:21](-[c:25]2[cH:26][cH:27][c:28]([OH:31])[cH:29][cH:30]2)[cH:22][c:23]3=[O:24])[CH:3]([OH:12])[CH:4]([OH:11])[CH:5]([OH:10])[CH:6]1[C:7](=[O:8])[OH:9]	DJSISFGPUUYILV-YRIDSSQKSA-N	ThermoFisherScientific_IDX
sop	SOPID20200110125	[M+Na]+	C21H18O12	[O:1]1[CH:2]([O:13][c:14]2[c:15]([OH:33])[c:16]([OH:32])[c:17]3[c:18]([cH:19]2)[o:20][c:21](-[c:25]2[cH:26][cH:27][c:28]([OH:31])[cH:29][cH:30]2)[cH:22][c:23]3=[O:24])[CH:3]([OH:12])[CH:4]([OH:11])[CH:5]([OH:10])[CH:6]1[C:7](=[O:8])[OH:9]	DJSISFGPUUYILV-YRIDSSQKSA-N	ThermoFisherScientific_IDX
sop	SOPID20210104454	[M+H]+	C27H45NO2	[NH:1]1[C:2]2([O:3][CH:4]3[CH:5]([C:6]4([CH3:23])[CH:7]([CH:8]5[CH:9]([C:10]6([CH3:19])[CH:11]([CH2:12][CH:13]([OH:16])[CH2:14][CH2:15]6)[CH2:17][CH2:18]5)[CH2:20][CH2:21]4)[CH2:22]3)[CH:24]2[CH3:25])[CH2:26][CH2:27][CH:28]([CH3:30])[CH2:29]1	XYNPYHXGMWJBLV-JYAGXCGRSA-N	ThermoFisherScientific_IDX
sop	SOPID20200111598	[M+H]+	C21H20O12	O=c1c(OC2OC(CO)C(O)C(O)C2O)c(-c2ccc(O)c(O)c2)oc2cc(O)cc(O)c12	OVSQVDMCBVZWGM-QSOFNFLRSA-N	ThermoFisherScientific_IDX
sop	SOPID20200111503	[M+Na]+	C21H20O12	O=c1c(OC2OC(CO)C(O)C(O)C2O)c(-c2ccc(O)c(O)c2)oc2cc(O)cc(O)c12	OVSQVDMCBVZWGM-QSOFNFLRSA-N	ThermoFisherScientific_IDX
sop	SOPID20200204303	[M+H]+	C23H28O6	COc1cc2c(c(OC)c1OC)-c1c(cc3c(c1OC)OCO3)CC(C)C(C)C2	RTZKSTLPRTWFEV-UHFFFAOYSA-N	ThermoFisherScientific_IDX
sop	SOPID20200204327	[M+Na]+	C23H28O6	COc1cc2c(c(OC)c1OC)-c1c(cc3c(c1OC)OCO3)CC(C)C(C)C2	RTZKSTLPRTWFEV-UHFFFAOYSA-N	ThermoFisherScientific_IDX
sop	SOPID20200108662	[M+H]+	C21H20O11	CC1OC(Oc2c(-c3ccc(O)c(O)c3)oc3cc(O)cc(O)c3c2=O)C(O)C(O)C1O	OXGUCUVFOIWWQJ-HQBVPOQASA-N	ThermoFisherScientific_IDX
sop	SOPID20200108498	[M+Na]+	C21H20O11	CC1OC(Oc2c(-c3ccc(O)c(O)c3)oc3cc(O)cc(O)c3c2=O)C(O)C(O)C1O	OXGUCUVFOIWWQJ-HQBVPOQASA-N	ThermoFisherScientific_IDX
sop	SOPID20200106339	[M+H]+	C20H20O7	COc1ccc(-c2cc(=O)c3c(OC)cc(OC)c(OC)c3o2)cc1OC	UYCWETIUOAGWIL-UHFFFAOYSA-N	ThermoFisherScientific_IDX
sop	SOPID20200106258	[M+Na]+	C20H20O7	COc1ccc(-c2cc(=O)c3c(OC)cc(OC)c(OC)c3o2)cc1OC	UYCWETIUOAGWIL-UHFFFAOYSA-N	ThermoFisherScientific_IDX
sop	SOPID20200109673	[M+H]+	C21H18O12	O=C(O)C1OC(Oc2c(-c3ccc(O)cc3)oc3cc(O)cc(O)c3c2=O)C(O)C(O)C1O	FNTJVYCFNVUBOL-ZUGPOPFOSA-N	ThermoFisherScientific_IDX
sop	SOPID20200109606	[M+Na]+	C21H18O12	O=C(O)C1OC(Oc2c(-c3ccc(O)cc3)oc3cc(O)cc(O)c3c2=O)C(O)C(O)C1O	FNTJVYCFNVUBOL-ZUGPOPFOSA-N	ThermoFisherScientific_IDX
sop	SOPID20200113243	[M+H]+	C28H34O15	[O:1]1[CH:2]([O:16][CH2:17][CH:18]2[O:20][CH:21]([O:32][c:33]3[cH:34][c:35]4[c:36]([c:37]([OH:39])[cH:38]3)[C:40](=[O:41])[CH2:42][CH:43]([c:46]3[cH:47][c:48]([OH:54])[c:49]([O:52][CH3:53])[cH:50][cH:51]3)[O:45]4)[CH:23]([OH:31])[CH:25]([OH:30])[CH:27]2[OH:29])[CH:4]([OH:15])[CH:6]([OH:14])[CH:8]([OH:13])[CH:10]1[CH3:12]	QUQPHWDTPGMPEX-QJBIFVCTSA-N	ThermoFisherScientific_IDX
sop	SOPID20200113485	[M+Na]+	C28H34O15	[O:1]1[CH:2]([O:16][CH2:17][CH:18]2[O:20][CH:21]([O:32][c:33]3[cH:34][c:35]4[c:36]([c:37]([OH:39])[cH:38]3)[C:40](=[O:41])[CH2:42][CH:43]([c:46]3[cH:47][c:48]([OH:54])[c:49]([O:52][CH3:53])[cH:50][cH:51]3)[O:45]4)[CH:23]([OH:31])[CH:25]([OH:30])[CH:27]2[OH:29])[CH:4]([OH:15])[CH:6]([OH:14])[CH:8]([OH:13])[CH:10]1[CH3:12]	QUQPHWDTPGMPEX-QJBIFVCTSA-N	ThermoFisherScientific_IDX
sop	SOPID20200200724	[M+H]+	C14H6O8	[o:1]1[c:2]2[c:3]3[c:4]([cH:5][c:6]([OH:9])[c:7]2[OH:8])[c:10](=[O:11])[o:12][c:13]2[c:14]3[c:15]([cH:16][c:17]([OH:20])[c:18]2[OH:19])[c:21]1=[O:22]	AFSDNFLWKVMVRB-UHFFFAOYSA-N	ThermoFisherScientific_IDX
sop	SOPID20200103176	[M+H]+	C16H14O6	[O:1]1[CH:2]([c:15]2[cH:16][c:17]([OH:23])[c:18]([O:21][CH3:22])[cH:19][cH:20]2)[CH2:4][C:5](=[O:6])[c:7]2[c:8]1[cH:9][c:10]([OH:14])[cH:11][c:12]2[OH:13]	AIONOLUJZLIMTK-AWEZNQCLSA-N	ThermoFisherScientific_IDX
sop	SOPID20200101463	[M+H]+	C16H12O5	[o:1]1[c:8]2[c:6]([c:9](=[O:4])[c:7](-[c:10]3[cH:16][cH:18][c:20]([OH:5])[cH:19][cH:17]3)[cH:13]1)[c:11]([OH:3])[cH:15][c:14]([O:2][CH3:21])[cH:12]2	KQMVAGISDHMXJJ-UHFFFAOYSA-N	ThermoFisherScientific_IDX
sop	SOPID20200101459	[M+Na]+	C16H12O5	[o:1]1[c:8]2[c:6]([c:9](=[O:4])[c:7](-[c:10]3[cH:16][cH:18][c:20]([OH:5])[cH:19][cH:17]3)[cH:13]1)[c:11]([OH:3])[cH:15][c:14]([O:2][CH3:21])[cH:12]2	KQMVAGISDHMXJJ-UHFFFAOYSA-N	ThermoFisherScientific_IDX
sop	SOPID20200112289	[M+H]+	C30H18O10	O=c1cc(-c2ccc(O)c(-c3c(O)cc(O)c4c(=O)cc(-c5ccc(O)cc5)oc34)c2)oc2cc(O)cc(O)c12	YUSWMAULDXZHPY-UHFFFAOYSA-N	ThermoFisherScientific_IDX
sop	SOPID20200100815	[M+H]+	C15H10O5	O=c1cc(-c2ccccc2)oc2cc(O)c(O)c(O)c12	FXNFHKRTJBSTCS-UHFFFAOYSA-N	ThermoFisherScientific_IDX
sop	SOPID20200102757	[M+H]+	C16H12O6	COc1ccc(-c2cc(=O)c3c(O)cc(O)cc3o2)cc1O	MBNGWHIJMBWFHU-UHFFFAOYSA-N	ThermoFisherScientific_IDX
sop	SOPID20200102711	[M+Na]+	C16H12O6	COc1ccc(-c2cc(=O)c3c(O)cc(O)cc3o2)cc1O	MBNGWHIJMBWFHU-UHFFFAOYSA-N	ThermoFisherScientific_IDX
sop	SOPID20200104262	[M+H]+	C18H16O7	COc1ccc(-c2cc(=O)c3c(O)c(OC)c(O)cc3o2)cc1OC	DRRWBCNQOKKKOL-UHFFFAOYSA-N	ThermoFisherScientific_IDX
sop	SOPID20200104348	[M+Na]+	C18H16O7	COc1ccc(-c2cc(=O)c3c(O)c(OC)c(O)cc3o2)cc1OC	DRRWBCNQOKKKOL-UHFFFAOYSA-N	ThermoFisherScientific_IDX
sop	SOPID20200105742	[M+H]+	C21H20O6	COc1ccc(-c2oc3c(CC=C(C)C)c(O)cc(O)c3c(=O)c2O)cc1	TUUXBSASAQJECY-UHFFFAOYSA-N	ThermoFisherScientific_IDX
sop	SOPID20200105710	[M+Na]+	C21H20O6	COc1ccc(-c2oc3c(CC=C(C)C)c(O)cc(O)c3c(=O)c2O)cc1	TUUXBSASAQJECY-UHFFFAOYSA-N	ThermoFisherScientific_IDX
sop	SOPID20200111990	[M+H]+	C24H26O13	COc1cc(-c2coc3cc(OC4OC(CO)C(O)C(O)C4O)c(OC)c(O)c3c2=O)cc(O)c1OC	LNQCUTNLHUQZLR-UHFFFAOYSA-N	ThermoFisherScientific_IDX
sop	SOPID20200112178	[M+Na]+	C24H26O13	COc1cc(-c2coc3cc(OC4OC(CO)C(O)C(O)C4O)c(OC)c(O)c3c2=O)cc(O)c1OC	LNQCUTNLHUQZLR-UHFFFAOYSA-N	ThermoFisherScientific_IDX
sop	SOPID20200105431	[M+H]+	C18H16O8	COc1cc(-c2coc3cc(O)c(OC)c(O)c3c2=O)cc(O)c1OC	TUGWPJJTQNLKCL-UHFFFAOYSA-N	ThermoFisherScientific_IDX
sop	SOPID20200105525	[M+Na]+	C18H16O8	COc1cc(-c2coc3cc(O)c(OC)c(O)c3c2=O)cc(O)c1OC	TUGWPJJTQNLKCL-UHFFFAOYSA-N	ThermoFisherScientific_IDX
sop	SOPID20200112930	[M+H]+	C27H30O14	CC1OC(Oc2cc(O)c3c(=O)c(OC4OC(C)C(O)C(O)C4O)c(-c4ccc(O)cc4)oc3c2)C(O)C(O)C1O	PUPKKEQDLNREIM-QNSQPKOQSA-N	ThermoFisherScientific_IDX
sop	SOPID20200112935	[M+Na]+	C27H30O14	CC1OC(Oc2cc(O)c3c(=O)c(OC4OC(C)C(O)C(O)C4O)c(-c4ccc(O)cc4)oc3c2)C(O)C(O)C1O	PUPKKEQDLNREIM-QNSQPKOQSA-N	ThermoFisherScientific_IDX
sop	SOPID20200101847	[M+H]+	C15H10O6	O=c1c(O)c(-c2ccc(O)cc2)oc2cc(O)cc(O)c12	IYRMWMYZSQPJKC-UHFFFAOYSA-N	ThermoFisherScientific_IDX
sop	SOPID20200101135	[M+H]+	C15H12O5	O=C1CC(c2ccc(O)cc2)Oc2cc(O)cc(O)c21	FTVWIRXFELQLPI-ZDUSSCGKSA-N	ThermoFisherScientific_IDX
sop	SOPID20200200105	[M+H]+	C23H28O13	COc1cc(C(=O)OC2C3C=COC(OC4OC(CO)C(O)C(O)C4O)C3C3(CO)OC23)ccc1O	AKNILCMFRRDTEY-NUGKWEEESA-N	ThermoFisherScientific_IDX
sop	SOPID20200200011	[M+Na]+	C23H28O13	COc1cc(C(=O)OC2C3C=COC(OC4OC(CO)C(O)C(O)C4O)C3C3(CO)OC23)ccc1O	AKNILCMFRRDTEY-NUGKWEEESA-N	ThermoFisherScientific_IDX
sop	SOPID20200101253	[M+H]+	C16H12O5	COc1c(O)cc(O)c2c(=O)cc(-c3ccccc3)oc12	XLTFNNCXVBYBSX-UHFFFAOYSA-N	ThermoFisherScientific_IDX
sop	SOPID20200101256	[M+Na]+	C16H12O5	COc1c(O)cc(O)c2c(=O)cc(-c3ccccc3)oc12	XLTFNNCXVBYBSX-UHFFFAOYSA-N	ThermoFisherScientific_IDX
sop	SOPID20200109439	[M+H]+	C22H20O11	COc1c(OC2OC(C(=O)O)C(O)C(O)C2O)cc(O)c2c(=O)cc(-c3ccccc3)oc12	LNOHXHDWGCMVCO-NTKSAMNMSA-N	ThermoFisherScientific_IDX
sop	SOPID20200108998	[M+Na]+	C22H20O11	COc1c(OC2OC(C(=O)O)C(O)C(O)C2O)cc(O)c2c(=O)cc(-c3ccccc3)oc12	LNOHXHDWGCMVCO-NTKSAMNMSA-N	ThermoFisherScientific_IDX
sop	SOPID20200106629	[M+H]+	C20H20O8	COC1=C(C=C(C=C1)C2=C(C(=O)C3=C(C(=C(C=C3O2)OC)OC)O)OC)OC	RIGYMJVFEJNCKD-UHFFFAOYSA-N	ThermoFisherScientific_IDX
sop	SOPID20200106540	[M+Na]+	C20H20O8	COC1=C(C=C(C=C1)C2=C(C(=O)C3=C(C(=C(C=C3O2)OC)OC)O)OC)OC	RIGYMJVFEJNCKD-UHFFFAOYSA-N	ThermoFisherScientific_IDX
sop	SOPID20200107665	[M+H]+	C21H22O9	O=C1CC(c2ccc(O)cc2)Oc2cc(OC3OC(CO)C(O)C(O)C3O)ccc21	HJBUYKZTEBZNSH-UHFFFAOYSA-N	ThermoFisherScientific_IDX
sop	SOPID20200107787	[M+Na]+	C21H22O9	O=C1CC(c2ccc(O)cc2)Oc2cc(OC3OC(CO)C(O)C(O)C3O)ccc21	HJBUYKZTEBZNSH-UHFFFAOYSA-N	ThermoFisherScientific_IDX
sop	SOPID20200200903	[M+H]+	C16H10O8	COc1c(O)cc2c(=O)oc3c(OC)c(O)cc4c(=O)oc1c2c34	KLAGYIBJNXLDTL-UHFFFAOYSA-N	ThermoFisherScientific_IDX
sop	SOPID20200200889	[M+Na]+	C16H10O8	COc1c(O)cc2c(=O)oc3c(OC)c(O)cc4c(=O)oc1c2c34	KLAGYIBJNXLDTL-UHFFFAOYSA-N	ThermoFisherScientific_IDX
sop	SOPID20210100905	[M+H]+	C22H20N2O5	CCc1c2c(nc3ccc(O)cc13)-c1cc3c(c(=O)n1C2)COC(=O)C3(O)CC	FJHBVJOVLFPMQE-QFIPXVFZSA-N	ThermoFisherScientific_IDX
sop	SOPID20210100954	[M+H]+	C12H14N2O2	CNC(Cc1c[nH]c2ccccc12)C(=O)O	CZCIKBSVHDNIDH-NSHDSACASA-N	ThermoFisherScientific_IDX
sop	SOPID20210100962	[M+Na]+	C12H14N2O2	CNC(Cc1c[nH]c2ccccc12)C(=O)O	CZCIKBSVHDNIDH-NSHDSACASA-N	ThermoFisherScientific_IDX
sop	SOPID20210101002	[M+H]+	C23H23NO6	CC(=O)OC1Cc2cc3c(cc2C2N(C)Cc4c(ccc5c4OCO5)C12C)OCO3	PUHCFWFODBLSAP-WWNPGLIZSA-N	ThermoFisherScientific_IDX
sop	SOPID20210101060	[M+H]+	C21H23NO5	COc1ccc2c(c1OC)CN(C)CCc1cc3c(cc1C(=O)C2)OCO3	HYBRYAPKQCZIAE-UHFFFAOYSA-N	ThermoFisherScientific_IDX
sop	SOPID20210101100	[M+H]+	C17H11NO4	COc1cccc2c1cc1c3c(cc4c(c32)OCO4)C(=O)N1	MXOKGWUJNGEKBH-UHFFFAOYSA-N	ThermoFisherScientific_IDX
sop	SOPID20210101112	[M+Na]+	C17H11NO4	COc1cccc2c1cc1c3c(cc4c(c32)OCO4)C(=O)N1	MXOKGWUJNGEKBH-UHFFFAOYSA-N	ThermoFisherScientific_IDX
sop	SOPID20210101184	[M+H]+	C37H40N2O6	COc1cc2c3cc1Oc1c(OC)c(OC)cc4c1C(Cc1ccc(O)c(c1)Oc1ccc(cc1)CC3N(C)CC2)N(C)CC4	DFOCUWZXJBAUSQ-URLMMPGGSA-N	ThermoFisherScientific_IDX
sop	SOPID20210101282	[M+H]+	C20H17NO5	COc1ccc2cc3n(c(=O)c2c1OC)CCc1cc2c(cc1-3)OCO2	ZHYQCBCBTQWPLC-UHFFFAOYSA-N	ThermoFisherScientific_IDX
sop	SOPID20210101278	[M+Na]+	C20H17NO5	COc1ccc2cc3n(c(=O)c2c1OC)CCc1cc2c(cc1-3)OCO2	ZHYQCBCBTQWPLC-UHFFFAOYSA-N	ThermoFisherScientific_IDX
sop	SOPID20210101425	[M+H]+	C16H19N3O3	O=C(CC1NCCCC1O)Cn1cnc2ccccc2c1=O	FWVHWDSCPKXMDB-GJZGRUSLSA-N	ThermoFisherScientific_IDX
sop	SOPID20210101405	[M+Na]+	C16H19N3O3	O=C(CC1NCCCC1O)Cn1cnc2ccccc2c1=O	FWVHWDSCPKXMDB-GJZGRUSLSA-N	ThermoFisherScientific_IDX
sop	SOPID20210101463	[M+H]+	C19H21NO4	COc1cc2c(cc1O)CC1c3c(cc(O)c(OC)c3-2)CCN1C	LZJRNLRASBVRRX-ZDUSSCGKSA-N	ThermoFisherScientific_IDX
sop	SOPID20200200803	[M+Na]+	C12H20O2	CC(=O)OC1CC2CCC1(C)C2(C)C	KGEKLUUHTZCSIP-HOSYDEDBSA-N	ThermoFisherScientific_IDX
sop	SOPID20210101501	[M+H]+	C23H26N2O4	COc1cc2c(cc1OC)C13CCN4CC5=CCOC6CC(=O)N2C1C6C5CC43	RRKTZKIUPZVBMF-IBTVXLQLSA-N	ThermoFisherScientific_IDX
sop	SOPID20210101513	[M+Na]+	C23H26N2O4	COc1cc2c(cc1OC)C13CCN4CC5=CCOC6CC(=O)N2C1C6C5CC43	RRKTZKIUPZVBMF-IBTVXLQLSA-N	ThermoFisherScientific_IDX
sop	SOPID20210101872	[M+H]+	C20H16N2O4	CCC1(O)C(=O)OCc2c1cc1n(c2=O)Cc2cc3ccccc3nc2-1	VSJKWCGYPAHWDS-FQEVSTJZSA-N	ThermoFisherScientific_IDX
sop	SOPID20210101947	[M+H]+	C18H27NO3	COc1cc(CNC(=O)CCCCC=CC(C)C)ccc1O	YKPUWZUDDOIDPM-SOFGYWHQSA-N	ThermoFisherScientific_IDX
sop	SOPID20210101936	[M+Na]+	C18H27NO3	COc1cc(CNC(=O)CCCCC=CC(C)C)ccc1O	YKPUWZUDDOIDPM-SOFGYWHQSA-N	ThermoFisherScientific_IDX
sop	SOPID20210102017	[M+H]+	C21H24N2O2	CCC1=CC2CN3CCc4c([nH]c5ccccc45)C(C(=O)OC)(C2)C13	CMKFQVZJOWHHDV-NQZBTDCJSA-N	ThermoFisherScientific_IDX
sop	SOPID20210101802	[M+H]+	C37H38N2O6	COc1ccc2cc1Oc1ccc(cc1)CC1c3c(cc4c(c3Oc3cc5c(cc3OC)CCN(C)C5C2)OCO4)CCN1C	YVPXVXANRNDGTA-WDYNHAJCSA-N	ThermoFisherScientific_IDX
sop	SOPID20210101788	[M+Na]+	C37H38N2O6	COc1ccc2cc1Oc1ccc(cc1)CC1c3c(cc4c(c3Oc3cc5c(cc3OC)CCN(C)C5C2)OCO4)CCN1C	YVPXVXANRNDGTA-WDYNHAJCSA-N	ThermoFisherScientific_IDX
sop	SOPID20200200562	[M+Na]+	C41H30O27	O=C(O)CC1C(=O)OC2C3COC(=O)c4cc(O)c(O)c(O)c4-c4c(cc(O)c(O)c4O)C(=O)OC2C(OC(=O)c2cc(O)c(O)c4c2C1C(O)C(=O)O4)C(OC(=O)c1cc(O)c(O)c(O)c1)O3	HGJXAVROWQLCTP-LLGRBVSMSA-N	ThermoFisherScientific_IDX
sop	SOPID20210102090	[M+H]+	C20H19NO5	CN1Cc2c(ccc3c2OCO3)C2C(O)Cc3cc4c(cc3C21)OCO4	GHKISGDRQRSCII-ZOCIIQOWSA-N	ThermoFisherScientific_IDX
sop	SOPID20210102150	[M+H]+	C21H21NO5	CN1Cc2c(ccc3c2OCO3)C2(C)C(O)Cc3cc4c(cc3C12)OCO4	IQUGPRHKZNCHGC-TYPHKJRUSA-N	ThermoFisherScientific_IDX
sop	SOPID20210102192	[M+H]+	C20H21NO4	COc1ccc2c(c1OC)CC1c3c(cc4c(c3-2)OCO4)CCN1C	UVDQDNQWGQFIAO-CQSZACIVSA-N	ThermoFisherScientific_IDX
sop	SOPID20210103505	[M+H]+	C38H44N2O6	COc1cc2c(cc1OC)C(Cc1ccc(Oc3cc(CC4c5cc(OC)c(OC)cc5CCN4C)ccc3O)cc1)N(C)CC2	AQASRZOCERRGBL-ROJLCIKYSA-N	ThermoFisherScientific_IDX
sop	SOPID20210103489	[M+Na]+	C38H44N2O6	COc1cc2c(cc1OC)C(Cc1ccc(Oc3cc(CC4c5cc(OC)c(OC)cc5CCN4C)ccc3O)cc1)N(C)CC2	AQASRZOCERRGBL-ROJLCIKYSA-N	ThermoFisherScientific_IDX
sop	SOPID20210103651	[M+H]+	C37H42N2O6	COc1cc2c(cc1O)C(Cc1ccc(O)c(Oc3ccc(CC4c5cc(OC)c(OC)cc5CCN4C)cc3)c1)N(C)CC2	BURJAQFYNVMZDV-FIRIVFDPSA-N	ThermoFisherScientific_IDX
sop	SOPID20210103628	[M+Na]+	C37H42N2O6	COc1cc2c(cc1O)C(Cc1ccc(O)c(Oc3ccc(CC4c5cc(OC)c(OC)cc5CCN4C)cc3)c1)N(C)CC2	BURJAQFYNVMZDV-FIRIVFDPSA-N	ThermoFisherScientific_IDX
sop	SOPID20210103682	[M+H]+	C16H23NO2	CC(C)C1C23OC(=O)C12C1CCC2CN(C)C3C21C	YCWDWJWRRMHVMZ-JSYFJIKASA-N	ThermoFisherScientific_IDX
sop	SOPID20210103693	[M+Na]+	C16H23NO2	CC(C)C1C23OC(=O)C12C1CCC2CN(C)C3C21C	YCWDWJWRRMHVMZ-JSYFJIKASA-N	ThermoFisherScientific_IDX
sop	SOPID20210103409	[M+H]+	C12H9NO2	COc1c2ccccc2nc2occc12	WIONIXOBNMDJFJ-UHFFFAOYSA-N	ThermoFisherScientific_IDX
sop	SOPID20210103450	[M+H]+	C16H19NO4	OC1CC2CCN3Cc4cc5c(cc4C(C1O)C23)OCO5	VJILFEGOWCJNIK-MGRBZGILSA-N	ThermoFisherScientific_IDX
sop	SOPID20210103573	[M+H]+	C21H25NO4	COc1cc2c(cc1OC)C1Cc3ccc(OC)c(OC)c3CN1CC2	AEQDJSLRWYMAQI-KRWDZBQOSA-N	ThermoFisherScientific_IDX
sop	SOPID20210103286	[M+H]+	C37H40N2O6	COc1ccc2cc1Oc1ccc(cc1)CC1c3cc(c(OC)cc3CCN1C)Oc1c(O)c(OC)cc3c1C(C2)N(C)CC3	IIQSJHUEZBTSAT-VMPREFPWSA-N	ThermoFisherScientific_IDX
sop	SOPID20210103322	[M+Na]+	C37H40N2O6	COc1ccc2cc1Oc1ccc(cc1)CC1c3cc(c(OC)cc3CCN1C)Oc1c(O)c(OC)cc3c1C(C2)N(C)CC3	IIQSJHUEZBTSAT-VMPREFPWSA-N	ThermoFisherScientific_IDX
sop	SOPID20210101597	[M+H]+	C17H23NO3	CN1C2CCC1CC(OC(=O)C(CO)c1ccccc1)C2	RKUNBYITZUJHSG-LGGPCSOHSA-N	ThermoFisherScientific_IDX
sop	SOPID20210101601	[M+Na]+	C17H23NO3	CN1C2CCC1CC(OC(=O)C(CO)c1ccccc1)C2	RKUNBYITZUJHSG-LGGPCSOHSA-N	ThermoFisherScientific_IDX
sop	SOPID20200200472	[M+Na]+	C41H28O27	O=C1OC2C3COC(=O)c4cc(O)c(O)c(O)c4-c4c(cc(O)c(O)c4O)C(=O)OC2C(OC(=O)c2cc(O)c(O)c4c2C2C1=CC(=O)C(O)(O)C2(O)O4)C(OC(=O)c1cc(O)c(O)c(O)c1)O3	WTKZYPVTAXZSEM-NFVJHDRASA-N	ThermoFisherScientific_IDX
sop	SOPID20210101538	[M+H]+	C11H14N2	CN(C)Cc1c[nH]c2ccccc12	OCDGBSUVYYVKQZ-UHFFFAOYSA-N	ThermoFisherScientific_IDX
sop	SOPID20210101567	[M+H]+	C13H14N2O	COc1ccc2c3c([nH]c2c1)C(C)=NCC3	RERZNCLIYCABFS-UHFFFAOYSA-N	ThermoFisherScientific_IDX
sop	SOPID20210101636	[M+H]+	C27H43NO3	CC1CCC2N(C1)CC1C3CC4C(CC(=O)C5CC(O)CCC54C)C3CCC1C2(C)O	IQDIERHFZVCNRZ-LRCDAWNTSA-N	ThermoFisherScientific_IDX
sop	SOPID20210101639	[M+Na]+	C27H43NO3	CC1CCC2N(C1)CC1C3CC4C(CC(=O)C5CC(O)CCC54C)C3CCC1C2(C)O	IQDIERHFZVCNRZ-LRCDAWNTSA-N	ThermoFisherScientific_IDX
sop	SOPID20200103789	[M+H]+	C20H20O4	CC(C)=CCc1c(O)ccc2c1OC(c1ccc(O)cc1)CC2=O	KYFBXCHUXFKMGQ-UHFFFAOYSA-N	ThermoFisherScientific_IDX
sop	SOPID20200103891	[M+Na]+	C20H20O4	CC(C)=CCc1c(O)ccc2c1OC(c1ccc(O)cc1)CC2=O	KYFBXCHUXFKMGQ-UHFFFAOYSA-N	ThermoFisherScientific_IDX
sop	SOPID20210101664	[M+H]+	C37H42N2O6	COc1ccc(CC2c3cc(Oc4cc(CC5c6cc(O)c(OC)cc6CCN5C)ccc4O)c(OC)cc3CCN2C)cc1	AJPXZTKPPINUKN-PBBFAOSKSA-N	ThermoFisherScientific_IDX
sop	SOPID20210101689	[M+Na]+	C37H42N2O6	COc1ccc(CC2c3cc(Oc4cc(CC5c6cc(O)c(OC)cc6CCN5C)ccc4O)c(OC)cc3CCN2C)cc1	AJPXZTKPPINUKN-PBBFAOSKSA-N	ThermoFisherScientific_IDX
sop	SOPID20210101752	[M+H]+	C22H28N2O4	CCC1CN2CCC3(C(=O)Nc4ccccc43)C2CC1C(=COC)C(=O)OC	DAXYUDFNWXHGBE-VKCGGMIFSA-N	ThermoFisherScientific_IDX
sop	SOPID20210102701	[M+H]+	C15H24N2O	O=C1CCCC2C3CCCN4CCCC(CN12)C34	ZSBXGIUJOOQZMP-JLNYLFASSA-N	ThermoFisherScientific_IDX
sop	SOPID20210102709	[M+Na]+	C15H24N2O	O=C1CCCC2C3CCCN4CCCC(CN12)C34	ZSBXGIUJOOQZMP-JLNYLFASSA-N	ThermoFisherScientific_IDX
sop	SOPID20210102658	[M+H]+	C38H44N2O6	COc1ccc(CC2c3cc(Oc4cc(CC5c6cc(OC)c(OC)cc6CCN5C)ccc4O)c(OC)cc3CCN2C)cc1	MIBATSHDJRIUJK-XGDNGBMYSA-N	ThermoFisherScientific_IDX
sop	SOPID20210102645	[M+Na]+	C38H44N2O6	COc1ccc(CC2c3cc(Oc4cc(CC5c6cc(OC)c(OC)cc6CCN5C)ccc4O)c(OC)cc3CCN2C)cc1	MIBATSHDJRIUJK-XGDNGBMYSA-N	ThermoFisherScientific_IDX
sop	SOPID20210102836	[M+H]+	C18H19NO2	COc1cc2c3c(c1OC)-c1ccccc1CC3NCC2	QQKAHDMMPBQDAC-UHFFFAOYSA-N	ThermoFisherScientific_IDX
sop	SOPID20210102790	[M+H]+	C18H19NO4	COc1cc2c(cc1O)CC1NCCc3cc(OC)c(O)c-2c31	HORZNQYQXBFWNZ-LBPRGKRZSA-N	ThermoFisherScientific_IDX
sop	SOPID20210102762	[M+H]+	C19H21NO2	COc1cc2c3c(c1OC)-c1ccccc1CC3N(C)CC2	ORJVQPIHKOARKV-OAHLLOKOSA-N	ThermoFisherScientific_IDX
sop	SOPID20210102225	[M+H]+	C27H45NO3	CC1CCC2N(C1)CC1C3CC4C(CC(O)C5CC(O)CCC54C)C3CCC1C2(C)O	IUKLSMSEHKDIIP-BZMYINFQSA-N	ThermoFisherScientific_IDX
sop	SOPID20210102229	[M+Na]+	C27H45NO3	CC1CCC2N(C1)CC1C3CC4C(CC(O)C5CC(O)CCC54C)C3CCC1C2(C)O	IUKLSMSEHKDIIP-BZMYINFQSA-N	ThermoFisherScientific_IDX
sop	SOPID20210102261	[M+H]+	C27H41NO3	CC1=C2CC3C(CC(=O)C4CC(O)CCC43C)C2CCC12OC1CC(C)CNC1C2C	KYELXPJVGNZIGC-GKFGJCLESA-N	ThermoFisherScientific_IDX
sop	SOPID20200108374	[M+H]+	C21H24O10	O=C(CCc1ccc(O)cc1)c1c(O)cc(O)cc1OC1OC(CO)C(O)C(O)C1O	IOUVKUPGCMBWBT-QNDFHXLGSA-N	ThermoFisherScientific_IDX
sop	SOPID20200108387	[M+Na]+	C21H24O10	O=C(CCc1ccc(O)cc1)c1c(O)cc(O)cc1OC1OC(CO)C(O)C(O)C1O	IOUVKUPGCMBWBT-QNDFHXLGSA-N	ThermoFisherScientific_IDX
sop	SOPID20210102314	[M+H]+	C17H19NO3	O=C(C=CC=Cc1ccc2c(c1)OCO2)N1CCCCC1	MXXWOMGUGJBKIW-YPCIICBESA-N	ThermoFisherScientific_IDX
sop	SOPID20210102288	[M+Na]+	C17H19NO3	O=C(C=CC=Cc1ccc2c(c1)OCO2)N1CCCCC1	MXXWOMGUGJBKIW-YPCIICBESA-N	ThermoFisherScientific_IDX
sop	SOPID20210102367	[M+H]+	C20H19NO5	CN1CCc2cc3c(cc2C(=O)Cc2ccc4c(c2C1)OCO4)OCO3	GPTFURBXHJWNHR-UHFFFAOYSA-N	ThermoFisherScientific_IDX
sop	SOPID20210102394	[M+Na]+	C20H19NO5	CN1CCc2cc3c(cc2C(=O)Cc2ccc4c(c2C1)OCO4)OCO3	GPTFURBXHJWNHR-UHFFFAOYSA-N	ThermoFisherScientific_IDX
sop	SOPID20200200949	[M+Na]+	C48H28O30	O=C1OC2C(O)OC3COC(=O)c4cc(O)c(O)c(O)c4-c4c(O)c(O)c5oc(=O)c6c(c(O)c(O)c7oc(=O)c4c5c76)-c4c(cc(O)c(O)c4O)C(=O)OC3C2OC(=O)c2cc(O)c(O)c(O)c2-c2c1cc(O)c(O)c2O	ZJVUMAFASBFUBG-UYMKNUMKSA-N	ThermoFisherScientific_IDX
sop	SOPID20200200210	[M+H]+	C34H22O22	O=C1OCC2OC(O)C(O)C(O)C2OC(=O)c2cc(O)c(O)c(O)c2-c2c(O)c(O)c3oc(=O)c4c(c(O)c(O)c5oc(=O)c2c3c54)-c2c1cc(O)c(O)c2O	IQHIEHIKNWLKFB-OBOTWMKHSA-N	ThermoFisherScientific_IDX
sop	SOPID20200200248	[M+Na]+	C34H22O22	O=C1OCC2OC(O)C(O)C(O)C2OC(=O)c2cc(O)c(O)c(O)c2-c2c(O)c(O)c3oc(=O)c4c(c(O)c(O)c5oc(=O)c2c3c54)-c2c1cc(O)c(O)c2O	IQHIEHIKNWLKFB-OBOTWMKHSA-N	ThermoFisherScientific_IDX
sop	SOPID20210102475	[M+H]+	C20H15N3O6	CCC1(O)C(=O)OCc2c1cc1n(c2=O)Cc2cc3c([N+](=O)[O-])cccc3nc2-1	VHXNKPBCCMUMSW-FQEVSTJZSA-N	ThermoFisherScientific_IDX
sop	SOPID20210102504	[M+H]+	C18H13N3O	O=c1c2ccccc2nc2n1CCc1c-2[nH]c2ccccc12	ACVGWSKVRYFWRP-UHFFFAOYSA-N	ThermoFisherScientific_IDX
sop	SOPID20210102519	[M+Na]+	C18H13N3O	O=c1c2ccccc2nc2n1CCc1c-2[nH]c2ccccc12	ACVGWSKVRYFWRP-UHFFFAOYSA-N	ThermoFisherScientific_IDX
sop	SOPID20210104208	[M+H]+	C14H13NO4	COc1ccc2c(OC)c3ccoc3nc2c1OC	SLSIBLKBHNKZTB-UHFFFAOYSA-N	ThermoFisherScientific_IDX
sop	SOPID20210104216	[M+Na]+	C14H13NO4	COc1ccc2c(OC)c3ccoc3nc2c1OC	SLSIBLKBHNKZTB-UHFFFAOYSA-N	ThermoFisherScientific_IDX
sop	SOPID20210104276	[M+H]+	C27H43NO2	CC1CCC2(NC1)OC1CC3C4CC=C5CC(O)CCC5(C)C4CCC3(C)C1C2C	KWVISVAMQJWJSZ-VKROHFNGSA-N	ThermoFisherScientific_IDX
sop	SOPID20210104079	[M+H]+	C15H22N2O	O=C1C=CCC2C3CCCN4CCCC(CN12)C34	AAGFPTSOPGCENQ-JLNYLFASSA-N	ThermoFisherScientific_IDX
sop	SOPID20210104078	[M+Na]+	C15H22N2O	O=C1C=CCC2C3CCCN4CCCC(CN12)C34	AAGFPTSOPGCENQ-JLNYLFASSA-N	ThermoFisherScientific_IDX
sop	SOPID20210103943	[M+H]+	C15H24N2O	O=C1CCCC2C3CCCN4CCCC(CN12)C34	ZSBXGIUJOOQZMP-BHPKHCPMSA-N	ThermoFisherScientific_IDX
sop	SOPID20210103941	[M+Na]+	C15H24N2O	O=C1CCCC2C3CCCN4CCCC(CN12)C34	ZSBXGIUJOOQZMP-BHPKHCPMSA-N	ThermoFisherScientific_IDX
sop	SOPID20210103973	[M+H]+	C21H24N2O2	CCC12C=CCN3CCC4(C(=C(C(=O)OC)C1)Nc1ccccc14)C32	FNGGIPWAZSFKCN-ACRUOGEOSA-N	ThermoFisherScientific_IDX
sop	SOPID20210103771	[M+H]+	C21H24N2O3	COC(=O)C1=COC(C)C2CN3CCc4c([nH]c5ccccc45)C3CC12	GRTOGORTSDXSFK-XJTZBENFSA-N	ThermoFisherScientific_IDX
sop	SOPID20210103725	[M+H]+	C20H21NO4	COc1ccc2c(c1OC)CN1CCc3cc4c(cc3C1C2)OCO4	VZTUIEROBZXUFA-MRXNPFEDSA-N	ThermoFisherScientific_IDX
sop	SOPID20210104005	[M+H]+	C21H25NO4	COc1cc2c(cc1OC)C1Cc3ccc(OC)c(OC)c3CN1CC2	AEQDJSLRWYMAQI-UHFFFAOYSA-N	ThermoFisherScientific_IDX
sop	SOPID20210104114	[M+H]+	C38H42N2O6	COc1ccc2cc1Oc1ccc(cc1)CC1c3cc(c(OC)cc3CCN1C)Oc1c(OC)c(OC)cc3c1C(C2)N(C)CC3	WVTKBKWTSCPRNU-KYJUHHDHSA-N	ThermoFisherScientific_IDX
sop	SOPID20210104145	[M+Na]+	C38H42N2O6	COc1ccc2cc1Oc1ccc(cc1)CC1c3cc(c(OC)cc3CCN1C)Oc1c(OC)c(OC)cc3c1C(C2)N(C)CC3	WVTKBKWTSCPRNU-KYJUHHDHSA-N	ThermoFisherScientific_IDX
sop	SOPID20200205459	[M+H]+	C39H44N2O7	COc1ccc2cc1Oc1ccc(cc1)CC1c3c(c(OC)c(OC)c(OC)c3Oc3cc4c(cc3OC)CCN(C)C4C2)CCN1C	HKAAPKXOAPZXLY-UHFFFAOYSA-N	ThermoFisherScientific_IDX
sop	SOPID20200205372	[M+Na]+	C39H44N2O7	COc1ccc2cc1Oc1ccc(cc1)CC1c3c(c(OC)c(OC)c(OC)c3Oc3cc4c(cc3OC)CCN(C)C4C2)CCN1C	HKAAPKXOAPZXLY-UHFFFAOYSA-N	ThermoFisherScientific_IDX
sop	SOPID20210104038	[M+H]+	C7H8N4O2	Cn1cnc2c1c(=O)[nH]c(=O)n2C	YAPQBXQYLJRXSA-UHFFFAOYSA-N	ThermoFisherScientific_IDX
sop	SOPID20210103239	[M+H]+	C20H23NO4	COc1ccc2c(c1O)-c1c(OC)c(OC)cc3c1C(C2)N(C)CC3	QELDJEKNFOQJOY-ZDUSSCGKSA-N	ThermoFisherScientific_IDX
sop	SOPID20210103185	[M+H]+	C20H21NO4	COc1cc2c(cc1OC)C1Cc3ccc4c(c3CN1CC2)OCO4	UWEHVAXMSWXKRW-UHFFFAOYSA-N	ThermoFisherScientific_IDX
sop	SOPID20210102856	[M+H]+	C20H26N2O2	CCC1CN2CCC1CC2C(O)c1ccnc2ccc(OC)cc12	LJOQGZACKSYWCH-LHHVKLHASA-N	ThermoFisherScientific_IDX
sop	SOPID20210103079	[M+H]+	C20H23NO4	COc1cc2c(cc1O)CCN1Cc3c(ccc(OC)c3OC)CC21	BMCZTYDZHNTKPR-MRXNPFEDSA-N	ThermoFisherScientific_IDX
sop	SOPID20210102912	[M+H]+	C16H17NO3	Oc1ccc(CC2NCCc3cc(O)c(O)cc32)cc1	WZRCQWQRFZITDX-AWEZNQCLSA-N	ThermoFisherScientific_IDX
sop	SOPID20210103055	[M+H]+	C21H19NO4	COc1ccc2c(c1OC)CN(C)c1c-2ccc2cc3c(cc12)OCO3	ALZAZMCIBRHMFF-UHFFFAOYSA-N	ThermoFisherScientific_IDX
sop	SOPID20210103019	[M+H]+	C20H15NO4	CN1Cc2c(ccc3c2OCO3)-c2ccc3cc4c(cc3c21)OCO4	CIUHLXZTZWTVFL-UHFFFAOYSA-N	ThermoFisherScientific_IDX
sop	SOPID20210100785	[M+H]+	C16H19N3O3	O=c1c2ccccc2ncn1CC1(O)CC2NCCCC2O1	YLYLCQRQSRDSQR-ADTLFGHVSA-N	ThermoFisherScientific_IDX
sop	SOPID20210100730	[M+Na]+	C16H19N3O3	O=c1c2ccccc2ncn1CC1(O)CC2NCCCC2O1	YLYLCQRQSRDSQR-ADTLFGHVSA-N	ThermoFisherScientific_IDX
sop	SOPID20210100827	[M+Na]+	C17H17NO4	O=C(C=Cc1ccc(O)cc1)NCC(O)c1ccc(O)cc1	VATOSFCFMOPAHX-XCVCLJGOSA-N	ThermoFisherScientific_IDX
sop	SOPID20210102429	[M+H]+	C22H26N2O2	CCOC(=O)C1=CC2(CC)CCCN3CCc4c(n1c1ccccc41)C32	DDNCQMVWWZOMLN-IRLDBZIGSA-N	ThermoFisherScientific_IDX
sop	SOPID20210103844	[M+H]+	C20H17NO5	COc1cc2c(cc1OC)-c1cc3ccc4c(c3c(=O)n1CC2)OCO4	PJTYPIGQKDTERS-UHFFFAOYSA-N	ThermoFisherScientific_IDX
sop	SOPID20210103811	[M+Na]+	C20H17NO5	COc1cc2c(cc1OC)-c1cc3ccc4c(c3c(=O)n1CC2)OCO4	PJTYPIGQKDTERS-UHFFFAOYSA-N	ThermoFisherScientific_IDX
sop	SOPID20210102075	[M+H]+	C18H23NO5	C=C1CC(=CC)C(=O)OC2CCN3CC=C(COC(=O)C1(C)O)C23	FCEVNJIUIMLVML-QPSVUOIXSA-N	ThermoFisherScientific_IDX
sop	SOPID20210102062	[M+Na]+	C18H23NO5	C=C1CC(=CC)C(=O)OC2CCN3CC=C(COC(=O)C1(C)O)C23	FCEVNJIUIMLVML-QPSVUOIXSA-N	ThermoFisherScientific_IDX
sop	SOPID20210102959	[M+H]+	C14H17NO2	COc1ccc(C=CC(=O)N2CCCC2)cc1	JYEDISZKFNNREA-RMKNXTFCSA-N	ThermoFisherScientific_IDX
sop	SOPID20210102972	[M+Na]+	C14H17NO2	COc1ccc(C=CC(=O)N2CCCC2)cc1	JYEDISZKFNNREA-RMKNXTFCSA-N	ThermoFisherScientific_IDX
sop	SOPID20210100869	[M+H]+	C19H19NO2	COc1cc2c3c(cc4ccccc4c3c1OC)N(C)CC2	JBGSWIBJAGBGOP-UHFFFAOYSA-N	ThermoFisherScientific_IDX
sop	SOPID20210101240	[M+H]+	C18H19NO4	COc1cc2c(cc1O)-c1c(OC)c(O)cc3c1C(C2)NCC3	URQAEFLEDPPPFX-LBPRGKRZSA-N	ThermoFisherScientific_IDX
sop	SOPID20210101034	[M+H]+	C18H19NO4	COc1cc2c(cc1O)CC1NCCc3cc(O)c(OC)c-2c31	KYVJVURXKAZJRK-LBPRGKRZSA-N	ThermoFisherScientific_IDX
sop	SOPID20210102562	[M+H]+	C37H42N2O6	COc1cc2c(cc1OC)C(Cc1ccc(O)c(Oc3cc4c(cc3OC)CCN(C)C4Cc3ccc(O)cc3)c1)N(C)CC2	XCUCMLUTCAKSOZ-PBBFAOSKSA-N	ThermoFisherScientific_IDX
sop	SOPID20210100010	[M+H]+	C18H19NO5	COc1cc(C=CC(=O)NCC(O)c2ccc(O)cc2)ccc1O	VJSCHQMOTSXAKB-YCRREMRBSA-N	ThermoFisherScientific_IDX
sop	SOPID20210100026	[M+Na]+	C18H19NO5	COc1cc(C=CC(=O)NCC(O)c2ccc(O)cc2)ccc1O	VJSCHQMOTSXAKB-YCRREMRBSA-N	ThermoFisherScientific_IDX
sop	SOPID20210100056	[M+H]+	C39H44N2O7	COc1ccc2cc1Oc1ccc(cc1)CC1c3cc(c(OC)cc3CCN1C)Oc1c(OC)c(OC)c(OC)c3c1C(C2)N(C)CC3	FUZMQNZACIFDBL-UHFFFAOYSA-N	ThermoFisherScientific_IDX
sop	SOPID20200205191	[M+Na]+	C39H44N2O7	COc1ccc2cc1Oc1ccc(cc1)CC1c3cc(c(OC)cc3CCN1C)Oc1c(OC)c(OC)c(OC)c3c1C(C2)N(C)CC3	FUZMQNZACIFDBL-UHFFFAOYSA-N	ThermoFisherScientific_IDX
sop	SOPID20210100104	[M+H]+	C22H27NO4	COc1cc2c(cc1OC)C1C(C)c3ccc(OC)c(OC)c3CN1CC2	VRSRXLJTYQVOHC-QUXALOBESA-N	ThermoFisherScientific_IDX
sop	SOPID20210100203	[M+H]+	C22H28N2O4	CCC1CN2CCC3(C(=O)Nc4ccccc43)C2CC1C(=COC)C(=O)OC	DAXYUDFNWXHGBE-RCFOJTTRSA-N	ThermoFisherScientific_IDX
sop	SOPID20210100167	[M+Na]+	C22H28N2O4	CCC1CN2CCC3(C(=O)Nc4ccccc43)C2CC1C(=COC)C(=O)OC	DAXYUDFNWXHGBE-RCFOJTTRSA-N	ThermoFisherScientific_IDX
sop	SOPID20210100232	[M+H]+	C17H23NO4	CN1C2CC(OC(=O)C(CO)c3ccccc3)CC1C(O)C2	WTQYWNWRJNXDEG-UHFFFAOYSA-N	ThermoFisherScientific_IDX
sop	SOPID20210100268	[M+H]+	C27H41NO2	CC1=C2CC3C(CC=C4CC(O)CCC43C)C2CCC12OC1CC(C)CNC1C2C	QASFUMOKHFSJGL-UHFFFAOYSA-N	ThermoFisherScientific_IDX
sop	SOPID20210100341	[M+H]+	C19H21NO4	COC1=CC23CCN(C)C(Cc4ccc(OC)c(O)c42)C3=CC1=O	GVTRUVGBZQJVTF-ORAYPTAESA-N	ThermoFisherScientific_IDX
sop	SOPID20210100303	[M+Na]+	C19H21NO4	COC1=CC23CCN(C)C(Cc4ccc(OC)c(O)c42)C3=CC1=O	GVTRUVGBZQJVTF-ORAYPTAESA-N	ThermoFisherScientific_IDX
sop	SOPID20210100369	[M+H]+	C19H17NO4	c1cc2c(c3c1CC1c4cc5c(cc4CCN1C3)OCO5)OCO2	UXYJCYXWJGAKQY-OAHLLOKOSA-N	ThermoFisherScientific_IDX
sop	SOPID20210100439	[M+H]+	C22H26N2O4	C=CC1CN2CCC3(C(=O)Nc4ccccc43)C2CC1C(=COC)C(=O)OC	MUVGVMUWMAGNSY-GXONQVTISA-N	ThermoFisherScientific_IDX
sop	SOPID20210100413	[M+Na]+	C22H26N2O4	C=CC1CN2CCC3(C(=O)Nc4ccccc43)C2CC1C(=COC)C(=O)OC	MUVGVMUWMAGNSY-GXONQVTISA-N	ThermoFisherScientific_IDX
sop	SOPID20210100510	[M+H]+	C28H38N2O4	CCC1CN2CCc3cc(OC)c(OC)cc3C2CC1CC1NCCc2cc(O)c(OC)cc21	DTGZHCFJNDAHEN-UHFFFAOYSA-N	ThermoFisherScientific_IDX
sop	SOPID20210100506	[M+Na]+	C28H38N2O4	CCC1CN2CCc3cc(OC)c(OC)cc3C2CC1CC1NCCc2cc(O)c(OC)cc21	DTGZHCFJNDAHEN-UHFFFAOYSA-N	ThermoFisherScientific_IDX
sop	SOPID20210100549	[M+H]+	C43H52N4O5	CC=C1CN(C)C2Cc3c([nH]c4ccccc34)C(c3cc4[nH]c5c(c4cc3OC)CCN3CC4CC(CC)C3C5(C(=O)OC)C4)CC1C2C(=O)OC	VCMIRXRRQJNZJT-JAHAZDFLSA-N	ThermoFisherScientific_IDX
sop	SOPID20210100585	[M+H]+	C20H18NO4+	COc1ccc2cc3[n+](cc2c1OC)CCc1cc2c(cc1-3)OCO2	YBHILYKTIRIUTE-UHFFFAOYSA-N	ThermoFisherScientific_IDX
sop	SOPID20210100612	[M+H]+	C19H17N3O	CN1c2ccccc2C(=O)N2CCc3c([nH]c4ccccc34)C21	TXDUTHBFYKGSAH-UHFFFAOYSA-N	ThermoFisherScientific_IDX
sop	SOPID20210100706	[M+H]+	C19H15N3O	C[n+]1c2n(c(=O)c3ccccc31)CCc1c-2[n-]c2ccccc12	VXHNSVKJHXSKKM-UHFFFAOYSA-N	ThermoFisherScientific_IDX
sop	SOPID20200104779	[M+H]+	C18H16O7	COc1ccc(-c2cc(=O)c3c(O)c(OC)c(OC)cc3o2)cc1O	KLAOKWJLUQKWIF-UHFFFAOYSA-N	ThermoFisherScientific_IDX
sop	SOPID20200105028	[M+Na]+	C18H16O7	COc1ccc(-c2cc(=O)c3c(O)c(OC)c(OC)cc3o2)cc1O	KLAOKWJLUQKWIF-UHFFFAOYSA-N	ThermoFisherScientific_IDX
sop	SOPID20200201647	[M+Na]+	C23H28O7	COc1cc2c(c(OC)c1OC)-c1c(cc3c(c1OC)OCO3)CC(C)C(C)C2O	GWDFJIBHVSYXQL-SYTFOFBDSA-N	ThermoFisherScientific_IDX
sop	SOPID20200203873	[M+Na]+	C30H32O9	COc1cc2c(c(OC)c1OC)-c1c(cc3c(c1OC)OCO3)CC(C)C(C)(O)C2OC(=O)c1ccccc1	UFCGDBKFOKKVAC-VLPWJMHXSA-N	ThermoFisherScientific_IDX
sop	SOPID20200202099	[M+Na]+	C28H34O9	CC=C(C)C(=O)OC1c2cc(OC)c(OC)c(OC)c2-c2c(cc3c(c2OC)OCO3)CC(C)C1(C)O	BKGUPIVDQHHVMV-OUJBPAAASA-N	ThermoFisherScientific_IDX
sop	SOPID20200204847	[M+Na]+	C30H32O8	COc1cc2c(c(OC)c1OC)-c1c(cc3c(c1OC)OCO3)CC(C)C(C)C2OC(=O)c1ccccc1	XUGSROZUUURBSW-XOWTYJCDSA-N	ThermoFisherScientific_IDX
sop	SOPID20200201279	[M+H]+	C23H30O7	COc1cc2c(c(O)c1OC)-c1c(cc(OC)c(OC)c1OC)CC(C)(O)C(C)C2	NLJJSPKWNBUDNS-DAOPMYJZSA-N	ThermoFisherScientific_IDX
sop	SOPID20200201345	[M+Na]+	C23H30O7	COc1cc2c(c(O)c1OC)-c1c(cc(OC)c(OC)c1OC)CC(C)(O)C(C)C2	NLJJSPKWNBUDNS-DAOPMYJZSA-N	ThermoFisherScientific_IDX
sop	SOPID20200203534	[M+Na]+	C30H32O9	COc1cc2c(c(OC)c1OC)-c1c(cc3c(c1OC)OCO3)C(OC(=O)c1ccccc1)C(C)(O)C(C)C2	OFDWKHIQKPKRKY-DSASHONVSA-N	ThermoFisherScientific_IDX
sop	SOPID20200202417	[M+Na]+	C28H34O9	CC=C(C)C(=O)OC1c2cc(OC)c(OC)c(OC)c2-c2c(cc3c(c2OC)OCO3)CC(C)C1(C)O	BKGUPIVDQHHVMV-RZGKOBFOSA-N	ThermoFisherScientific_IDX
sop	SOPID20200204811	[M+H]+	C28H36O8	CC=C(C)C(=O)Oc1c(OC)c(OC)cc2c1-c1c(cc(OC)c(OC)c1OC)CC(C)(O)C(C)C2	ZSAUXCVJDYCLRS-CTGKKMONSA-N	ThermoFisherScientific_IDX
sop	SOPID20200204812	[M+Na]+	C28H36O8	CC=C(C)C(=O)Oc1c(OC)c(OC)cc2c1-c1c(cc(OC)c(OC)c1OC)CC(C)(O)C(C)C2	ZSAUXCVJDYCLRS-CTGKKMONSA-N	ThermoFisherScientific_IDX
sop	SOPID20200201035	[M+H]+	C28H34O10	COc1cc2c(c(OC)c1OC)-c1c3cc4c(c1OCC(C)C(C)(O)C(=O)OC2C(C)(O)C(C)C3)OCO4	VLLFEMVDMFTBHG-KMIFWYFFSA-N	ThermoFisherScientific_IDX
sop	SOPID20200201153	[M+Na]+	C28H34O10	COc1cc2c(c(OC)c1OC)-c1c3cc4c(c1OCC(C)C(C)(O)C(=O)OC2C(C)(O)C(C)C3)OCO4	VLLFEMVDMFTBHG-KMIFWYFFSA-N	ThermoFisherScientific_IDX
sop	SOPID20200202766	[M+H]+	C23H30O6	COc1cc2c(c(O)c1OC)-c1c(cc(OC)c(OC)c1OC)CC(C)C(C)C2	FYSHYFPJBONYCQ-OLZOCXBDSA-N	ThermoFisherScientific_IDX
sop	SOPID20200202778	[M+Na]+	C23H30O6	COc1cc2c(c(O)c1OC)-c1c(cc(OC)c(OC)c1OC)CC(C)C(C)C2	FYSHYFPJBONYCQ-OLZOCXBDSA-N	ThermoFisherScientific_IDX
sop	SOPID20200201949	[M+H]+	C22H28O6	COc1c(O)cc2c(c1OC)-c1c(cc(O)c(OC)c1OC)CC(C)C(C)C2	PICOUNAPKDEPCA-TXEJJXNPSA-N	ThermoFisherScientific_IDX
sop	SOPID20200201962	[M+Na]+	C22H28O6	COc1c(O)cc2c(c1OC)-c1c(cc(O)c(OC)c1OC)CC(C)C(C)C2	PICOUNAPKDEPCA-TXEJJXNPSA-N	ThermoFisherScientific_IDX
sop	SOPID20200202004	[M+H]+	C22H24O6	COc1c2c(cc3c1-c1c(cc4c(c1OC)OCO4)CC(C)C(C)C3)OCO2	HTBWBWWADZJXID-TXEJJXNPSA-N	ThermoFisherScientific_IDX
sop	SOPID20200202001	[M+Na]+	C22H24O6	COc1c2c(cc3c1-c1c(cc4c(c1OC)OCO4)CC(C)C(C)C3)OCO2	HTBWBWWADZJXID-TXEJJXNPSA-N	ThermoFisherScientific_IDX
sop	SOPID20200204465	[M+H]+	C24H32O6	COc1cc2c(c(OC)c1OC)-c1c(cc(OC)c(OC)c1OC)CC(C)C(C)C2	JEJFTTRHGBKKEI-OKILXGFUSA-N	ThermoFisherScientific_IDX
sop	SOPID20200204458	[M+Na]+	C24H32O6	COc1cc2c(c(OC)c1OC)-c1c(cc(OC)c(OC)c1OC)CC(C)C(C)C2	JEJFTTRHGBKKEI-OKILXGFUSA-N	ThermoFisherScientific_IDX
sop	SOPID20200201896	[M+H]+	C24H32O7	COc1cc2c(c(OC)c1OC)-c1c(cc(OC)c(OC)c1OC)CC(C)(O)C(C)C2	YEFOAORQXAOVJQ-RZFZLAGVSA-N	ThermoFisherScientific_IDX
sop	SOPID20200201786	[M+Na]+	C24H32O7	COc1cc2c(c(OC)c1OC)-c1c(cc(OC)c(OC)c1OC)CC(C)(O)C(C)C2	YEFOAORQXAOVJQ-RZFZLAGVSA-N	ThermoFisherScientific_IDX
sop	SOPID20200202603	[M+H]+	C30H34O9	COc1cc2c(c(OC)c1OC)-c1c(cc(O)c(OC)c1OC)CC(C)C(C)(O)C2OC(=O)c1ccccc1	ZNXDFTKQSCEJGE-UHFFFAOYSA-N	ThermoFisherScientific_IDX
sop	SOPID20200202547	[M+Na]+	C30H34O9	COc1cc2c(c(OC)c1OC)-c1c(cc(O)c(OC)c1OC)CC(C)C(C)(O)C2OC(=O)c1ccccc1	ZNXDFTKQSCEJGE-UHFFFAOYSA-N	ThermoFisherScientific_IDX
sop	SOPID20200113053	[M+H]+	C27H32O14	CC1C(C(C(C(O1)OC2C(C(C(OC2OC3=CC(=C4C(=O)CC(OC4=C3)C5=CC=C(C=C5)O)O)CO)O)O)O)O)O	DFPMSGMNTNDNHN-ZPHOTFPESA-N	ThermoFisherScientific_IDX
sop	SOPID20200113142	[M+Na]+	C27H32O14	CC1C(C(C(C(O1)OC2C(C(C(OC2OC3=CC(=C4C(=O)CC(OC4=C3)C5=CC=C(C=C5)O)O)CO)O)O)O)O)O	DFPMSGMNTNDNHN-ZPHOTFPESA-N	ThermoFisherScientific_IDX
sop	SOPID20200108173	[M+H]+	C21H20O10	C1=CC(=CC=C1C2=CC(=O)C3=C(C=C(C=C3O2)OC4C(C(C(C(O4)CO)O)O)O)O)O	KMOUJOKENFFTPU-QNDFHXLGSA-N	ThermoFisherScientific_IDX
sop	SOPID20200108221	[M+Na]+	C21H20O10	C1=CC(=CC=C1C2=CC(=O)C3=C(C=C(C=C3O2)OC4C(C(C(C(O4)CO)O)O)O)O)O	KMOUJOKENFFTPU-QNDFHXLGSA-N	ThermoFisherScientific_IDX
sop	SOPID20200111707	[M+H]+	C26H32O13	CC(C)(CCC1=C(C=C2C(=C1O)C(=O)C(C(O2)C3=CC(=C(C=C3)O)O)O)OC4C(C(C(C(O4)CO)O)O)O)O	CJDBIQWEJYORMN-KWRNARLESA-N	ThermoFisherScientific_IDX
sop	SOPID20200111915	[M+Na]+	C26H32O13	CC(C)(CCC1=C(C=C2C(=C1O)C(=O)C(C(O2)C3=CC(=C(C=C3)O)O)O)OC4C(C(C(C(O4)CO)O)O)O)O	CJDBIQWEJYORMN-KWRNARLESA-N	ThermoFisherScientific_IDX
sop	SOPID20200103490	[M+H]+	C15H10O8	C1=CC(=C(C=C1C2=C(C(=O)C3=C(O2)C=C(C(=C3O)O)O)O)O)O	ZVOLCUVKHLEPEV-UHFFFAOYSA-N	ThermoFisherScientific_IDX
sop	SOPID20200112513	[M+H]+	C30H26O12	C1C(C(OC2=C1C(=CC(=C2C3C(C(OC4=CC(=CC(=C34)O)O)C5=CC(=C(C=C5)O)O)O)O)O)C6=CC(=C(C=C6)O)O)O	XFZJEEAOWLFHDH-VUGKQVTMSA-N	ThermoFisherScientific_IDX
sop	SOPID20200112674	[M+Na]+	C30H26O12	C1C(C(OC2=C1C(=CC(=C2C3C(C(OC4=CC(=CC(=C34)O)O)C5=CC(=C(C=C5)O)O)O)O)O)C6=CC(=C(C=C6)O)O)O	XFZJEEAOWLFHDH-VUGKQVTMSA-N	ThermoFisherScientific_IDX
sop	SOPID20200103960	[M+H]+	C17H14O7	COC1=CC=C(C=C1)C2=C(C(=O)C3=C(O2)C(=C(C=C3O)O)OC)O	HLSIOUXODPWHFI-UHFFFAOYSA-N	ThermoFisherScientific_IDX
sop	SOPID20200102497	[M+H]+	C16H12O6	COC1=C(C=CC(=C1)C2=CC(=O)C3=C(C=C(C=C3O2)O)O)O	SCZVLDHREVKTSH-UHFFFAOYSA-N	ThermoFisherScientific_IDX
sop	SOPID20200102680	[M+Na]+	C16H12O6	COC1=C(C=CC(=C1)C2=CC(=O)C3=C(C=C(C=C3O2)O)O)O	SCZVLDHREVKTSH-UHFFFAOYSA-N	ThermoFisherScientific_IDX
sop	SOPID20200108784	[M+H]+	C21H22O11	CC1C(C(C(C(O1)OC2C(OC3=CC(=CC(=C3C2=O)O)O)C4=CC(=C(C=C4)O)O)O)O)O	ZROGCCBNZBKLEL-UHFFFAOYSA-N	ThermoFisherScientific_IDX
sop	SOPID20200108802	[M+Na]+	C21H22O11	CC1C(C(C(C(O1)OC2C(OC3=CC(=CC(=C3C2=O)O)O)C4=CC(=C(C=C4)O)O)O)O)O	ZROGCCBNZBKLEL-UHFFFAOYSA-N	ThermoFisherScientific_IDX
sop	SOPID20200205507	[M+Na]+	C41H32O26	C1=C(C=C(C(=C1O)O)O)C(=O)OCC2C(C(C(C(O2)OC(=O)C3=CC(=C(C(=C3)O)O)O)OC(=O)C4=CC(=C(C(=C4)O)O)O)OC(=O)C5=CC(=C(C(=C5)O)O)O)OC(=O)C6=CC(=C(C(=C6)O)O)O	QJYNZEYHSMRWBK-NIKIMHBISA-N	ThermoFisherScientific_IDX
sop	SOPID20200205974	[M+H]+	C23H28O6	CC1CC2=CC3=C(C(=C2C4=C(C(=C(C=C4CC1C)OC)OC)OC)OC)OCO3	RTZKSTLPRTWFEV-OLZOCXBDSA-N	ThermoFisherScientific_IDX
sop	SOPID20200205879	[M+Na]+	C23H28O6	CC1CC2=CC3=C(C(=C2C4=C(C(=C(C=C4CC1C)OC)OC)OC)OC)OCO3	RTZKSTLPRTWFEV-OLZOCXBDSA-N	ThermoFisherScientific_IDX
sop	SOPID20200206133	[M+H]+	C27H30O8	CC=C(C)C(=O)OC1C(C(CC2=CC(=C(C(=O)C23COC4=C3C1=CC5=C4OCO5)OC)OC)C)C	CGWKMZYZZCWGCK-YSKMNHBWSA-N	ThermoFisherScientific_IDX
sop	SOPID20200206399	[M+Na]+	C27H30O8	CC=C(C)C(=O)OC1C(C(CC2=CC(=C(C(=O)C23COC4=C3C1=CC5=C4OCO5)OC)OC)C)C	CGWKMZYZZCWGCK-YSKMNHBWSA-N	ThermoFisherScientific_IDX
sop	SOPID20200206499	[M+Na]+	C29H28O8	CC1CC2=CC3=C(C(=C2C4=C(C5=C(C=C4C(C1C)OC(=O)C6=CC=CC=C6)OCO5)OC)OC)OCO3	MBGKPRSARHEFAG-CCHLGUQTSA-N	ThermoFisherScientific_IDX
sop	SOPID20200206637	[M+Na]+	C41H32O28	C1C2C(C(C(C(O2)OC(=O)C3=CC(=C(C(=C3)O)O)O)O)OC(=O)C4=CC(=C(C(=C4C5=C(C(=C(C=C5C(=O)O1)O)O)O)O)O)O)OC(=O)C(CC(=O)O)C6C(OC(=O)C7=CC(=C(C(=C67)O)O)O)C(=O)O	MEUUWCKGFAIYFH-UHFFFAOYSA-N	ThermoFisherScientific_IDX
sop	SOPID20200206705	[M+H]+	C21H18O13	COc1c(O)cc2c(=O)oc3c(O)c(O[C@@H]4O[C@H](CO)[C@@H](O)[C@H](O)[C@H]4O)cc4c(=O)oc1c2c34	BBCVPHJIWIMGCN-OZJCBLQYSA-N	ThermoFisherScientific_IDX
sop	SOPID20200206679	[M+Na]+	C21H18O13	COc1c(O)cc2c(=O)oc3c(O)c(O[C@@H]4O[C@H](CO)[C@@H](O)[C@H](O)[C@H]4O)cc4c(=O)oc1c2c34	BBCVPHJIWIMGCN-OZJCBLQYSA-N	ThermoFisherScientific_IDX
sop	SOPID20200206896	[M+H]+	C28H36O8	CC=C(C)C(=O)OC1=C2C(=CC(=C1OC)OC)CC(C(CC3=CC(=C(C(=C32)OC)OC)OC)(C)O)C	ZSAUXCVJDYCLRS-QEEHVONISA-N	ThermoFisherScientific_IDX
sop	SOPID20200206833	[M+Na]+	C28H36O8	CC=C(C)C(=O)OC1=C2C(=CC(=C1OC)OC)CC(C(CC3=CC(=C(C(=C32)OC)OC)OC)(C)O)C	ZSAUXCVJDYCLRS-QEEHVONISA-N	ThermoFisherScientific_IDX
sop	SOPID20210104508	[M+H]+	C21H18N2O5	CCC1(C2=C(COC1=O)C(=O)N3CC4=C(C3=C2)N=C5C=CC(=CC5=C4)OC)O	KLFJSYOEEYWQMR-NRFANRHFSA-N	ThermoFisherScientific_IDX
sop	SOPID20210104491	[M+Na]+	C21H18N2O5	CCC1(C2=C(COC1=O)C(=O)N3CC4=C(C3=C2)N=C5C=CC(=CC5=C4)OC)O	KLFJSYOEEYWQMR-NRFANRHFSA-N	ThermoFisherScientific_IDX
sop	SOPID20210104566	[M+H]+	C21H21NO6	CN1CCC2=CC3=C(C=C2C1C4C5=C(C(=C(C=C5)OC)OC)C(=O)O4)OCO3	JZUTXVTYJDCMDU-MOPGFXCFSA-N	ThermoFisherScientific_IDX
sop	SOPID20210104585	[M+Na]+	C21H21NO6	CN1CCC2=CC3=C(C=C2C1C4C5=C(C(=C(C=C5)OC)OC)C(=O)O4)OCO3	JZUTXVTYJDCMDU-MOPGFXCFSA-N	ThermoFisherScientific_IDX
sop	SOPID20210104662	[M+H]+	C26H30N2O8	C=CC1C2CC3C4=C(CCN3C(=O)C2=COC1OC5C(C(C(C(O5)CO)O)O)O)C6=CC=CC=C6N4	LBRPLJCNRZUXLS-IUNANRIWSA-N	ThermoFisherScientific_IDX
sop	SOPID20210104670	[M+Na]+	C26H30N2O8	C=CC1C2CC3C4=C(CCN3C(=O)C2=COC1OC5C(C(C(C(O5)CO)O)O)O)C6=CC=CC=C6N4	LBRPLJCNRZUXLS-IUNANRIWSA-N	ThermoFisherScientific_IDX
sop	SOPID20210104747	[M+H]+	C19H23NO3	CN1CCC2=CC(=C(C=C2C1CC3=CC=C(C=C3)O)OC)OC	ZBKFZIUKXTWQTP-QGZVFWFLSA-N	ThermoFisherScientific_IDX
sop	SOPID20210104763	[M+H]+	C21H24N2O4	CC1C2CN3CCC4(C3CC2C(=CO1)C(=O)OC)C5=CC=CC=C5NC4=O	JMIAZDVHNCCPDM-DAFCLMLCSA-N	ThermoFisherScientific_IDX
sop	SOPID20210104806	[M+Na]+	C21H24N2O4	CC1C2CN3CCC4(C3CC2C(=CO1)C(=O)OC)C5=CC=CC=C5NC4=O	JMIAZDVHNCCPDM-DAFCLMLCSA-N	ThermoFisherScientific_IDX
sop	SOPID20210104930	[M+H]+	C15H20N2O	C=CCCN1CC2CC(C1)C3=CC=CC(=O)N3C2	ZVTFRRVBMAUIQW-QWHCGFSZSA-N	ThermoFisherScientific_IDX
sop	SOPID20210104921	[M+Na]+	C15H20N2O	C=CCCN1CC2CC(C1)C3=CC=CC(=O)N3C2	ZVTFRRVBMAUIQW-QWHCGFSZSA-N	ThermoFisherScientific_IDX
sop	SOPID20210105030	[M+H]+	C21H21NO5	COC1=C(C2=C(C=C1)C=C3C4=CC(=C(C=C4CCN3C2=O)OC)OC)OC	MZIUUCTTWZPXOV-UHFFFAOYSA-N	ThermoFisherScientific_IDX
sop	SOPID20210104986	[M+Na]+	C21H21NO5	COC1=C(C2=C(C=C1)C=C3C4=CC(=C(C=C4CCN3C2=O)OC)OC)OC	MZIUUCTTWZPXOV-UHFFFAOYSA-N	ThermoFisherScientific_IDX
sop	SOPID20210105091	[M+H]+	C12H16N2O	CN(C)CCC1=CNC2=C1C=C(C=C2)O	VTTONGPRPXSUTJ-UHFFFAOYSA-N	ThermoFisherScientific_IDX
sop	SOPID20210105122	[M+H]+	C20H23NO2	CN(C)CCC1=CC(=C(C2=C1C=CC3=CC=CC=C32)OC)OC	UZZFAUDNCIFFPM-UHFFFAOYSA-N	ThermoFisherScientific_IDX
sop	SOPID20210105150	[M+H]+	C13H11NO3	COC1=CC2=C(C=C1)C(=C3C=COC3=N2)OC	TWGHMXOYRUTQOL-UHFFFAOYSA-N	ThermoFisherScientific_IDX
sop	SOPID20210105182	[M+H]+	C19H17N2+	C1CCC2=C[N+]3=C(C=C2C1)C4=C(C=C3)C5=CC=CC=C5N4	UQVUEULZDJRMJR-UHFFFAOYSA-O	ThermoFisherScientific_IDX
sop	SOPID20210105240	[M+H]+	C15H19NO	CCCCCC1=CC(=O)C2=CC=CC=C2N1C	CHULATXGEVFYAJ-UHFFFAOYSA-N	ThermoFisherScientific_IDX
sop	SOPID20210105228	[M+Na]+	C15H19NO	CCCCCC1=CC(=O)C2=CC=CC=C2N1C	CHULATXGEVFYAJ-UHFFFAOYSA-N	ThermoFisherScientific_IDX
sop	SOPID20210105419	[M+H]+	C22H33NO4	CCC1C2CCCCN3C2C(CC3C4CC(C(=O)O4)C)C5C1OC(=O)C5C	GYOGHROCTSEKDY-UEIGSNQUSA-N	ThermoFisherScientific_IDX
sop	SOPID20210105397	[M+Na]+	C22H33NO4	CCC1C2CCCCN3C2C(CC3C4CC(C(=O)O4)C)C5C1OC(=O)C5C	GYOGHROCTSEKDY-UEIGSNQUSA-N	ThermoFisherScientific_IDX
sop	SOPID20210105472	[M+H]+	C18H19NO2	CN1CCC2=CC(=C(C3=C2C1CC4=CC=CC=C43)O)OC	YXVXMURDCBMPRH-AWEZNQCLSA-N	ThermoFisherScientific_IDX
sop	SOPID20210105506	[M+H]+	C12H14N2O2	C1C2CN(CC1C3=CC=CC(=O)N3C2)C=O	PCYQRXYBKKZUSR-VHSXEESVSA-N	ThermoFisherScientific_IDX
sop	SOPID20210105549	[M+Na]+	C12H14N2O2	C1C2CN(CC1C3=CC=CC(=O)N3C2)C=O	PCYQRXYBKKZUSR-VHSXEESVSA-N	ThermoFisherScientific_IDX
sop	SOPID20210105577	[M+H]+	C17H21NO4	C[N+]1(CCC23C=CC(CC2OC4=C(C=CC(=C34)C1)OC)O)[O-]	LROQBKNDGTWXET-FVWDGWMTSA-N	ThermoFisherScientific_IDX
sop	SOPID20210105593	[M+Na]+	C17H21NO4	C[N+]1(CCC23C=CC(CC2OC4=C(C=CC(=C34)C1)OC)O)[O-]	LROQBKNDGTWXET-FVWDGWMTSA-N	ThermoFisherScientific_IDX
sop	SOPID20210105627	[M+H]+	C16H19NO3	COC1=C2C3=C(CNCCC34C=CC(CC4O2)O)C=C1	AIXQQSTVOSFSMO-RBOXIYTFSA-N	ThermoFisherScientific_IDX
sop	SOPID20210105628	[M+Na]+	C16H19NO3	COC1=C2C3=C(CNCCC34C=CC(CC4O2)O)C=C1	AIXQQSTVOSFSMO-RBOXIYTFSA-N	ThermoFisherScientific_IDX
sop	SOPID20210105712	[M+H]+	C17H21NO3	CN1CCC23C=CC(CC2OC4=C(C=CC(=C34)C1)OC)O	ASUTZQLVASHGKV-IFIJOSMWSA-N	ThermoFisherScientific_IDX
sop	SOPID20210105786	[M+H]+	C13H11NO3	COC1=CC=CC2=C1N=C3C(=C2OC)C=CO3	KFBCTNNQFGONHB-UHFFFAOYSA-N	ThermoFisherScientific_IDX
sop	SOPID20210105751	[M+Na]+	C13H11NO3	COC1=CC=CC2=C1N=C3C(=C2OC)C=CO3	KFBCTNNQFGONHB-UHFFFAOYSA-N	ThermoFisherScientific_IDX
sop	SOPID20210105800	[M+H]+	C8H11NO2	C1=CC(=C(C=C1CCN)O)O	VYFYYTLLBUKUHU-UHFFFAOYSA-N	ThermoFisherScientific_IDX
sop	SOPID20210105805	[M+H]+	C10H9NO2	C1=CC=C2C(=C1)C(=CN2)CC(=O)O	SEOVTRFCIGRIMH-UHFFFAOYSA-N	ThermoFisherScientific_IDX
sop	SOPID20210105837	[M+H]+	C21H25NO4	COC1=C(C2=C(CC3C4=CC(=C(C=C4CCN3C2)OC)OC)C=C1)OC	AEQDJSLRWYMAQI-KRWDZBQOSA-N	ThermoFisherScientific_IDX
sop	SOPID20210105884	[M+H]+	C20H26N2O2	CCC1C2CC3C4C5(CC(C2C5O)N3C1O)C6=CC=CC=C6N4C	CJDRUOGAGYHKKD-RQBLFBSQSA-N	ThermoFisherScientific_IDX
sop	SOPID20210105901	[M+H]+	C8H10N4O2	CN1C=NC2=C1C(=O)N(C(=O)N2C)C	RYYVLZVUVIJVGH-UHFFFAOYSA-N	ThermoFisherScientific_IDX
sop	SOPID20210105930	[M+H]+	C6H13NO4	C1C(C(C(C(N1)CO)O)O)O	LXBIFEVIBLOUGU-JGWLITMVSA-N	ThermoFisherScientific_IDX
sop	SOPID20210105928	[M+Na]+	C6H13NO4	C1C(C(C(C(N1)CO)O)O)O	LXBIFEVIBLOUGU-JGWLITMVSA-N	ThermoFisherScientific_IDX
sop	SOPID20210105967	[M+H]+	C23H23N3O5	CCC1(C2=C(COC1=O)C(=O)N3CC4=CC5=C(C=CC(=C5CN(C)C)O)N=C4C3=C2)O	UCFGDBYHRUNTLO-QHCPKHFHSA-N	ThermoFisherScientific_IDX
sop	SOPID20200100382	[M+H]+	C15H10O5	C1=CC(=CC=C1C2=CC(=O)C3=C(C=C(C=C3O2)O)O)O	KZNIFHPLKGYRTM-UHFFFAOYSA-N	ThermoFisherScientific_IDX
sop	SOPID20200102416	[M+H]+	C15H14O6	C1C(C(OC2=CC(=CC(=C21)O)O)C3=CC(=C(C=C3)O)O)O	PFTAWBLQPZVEMU-UKRRQHHQSA-N	ThermoFisherScientific_IDX
sop	SOPID20200113648	[M+H]+	C27H30O16	CC1C(C(C(C(O1)OCC2C(C(C(C(O2)OC3=C(OC4=CC(=CC(=C4C3=O)O)O)C5=CC(=C(C=C5)O)O)O)O)O)O)O)O	IKGXIBQEEMLURG-NVPNHPEKSA-N	ThermoFisherScientific_IDX
sop	SOPID20200113684	[M+Na]+	C27H30O16	CC1C(C(C(C(O1)OCC2C(C(C(C(O2)OC3=C(OC4=CC(=CC(=C4C3=O)O)O)C5=CC(=C(C=C5)O)O)O)O)O)O)O)O	IKGXIBQEEMLURG-NVPNHPEKSA-N	ThermoFisherScientific_IDX
